{"cameraMode":{"drawMode":0,"name":"Shaded","section":"Shading Mode"},"sceneLighting":true,"audioPlay":false,"sceneViewState":{"showFog":true,"showMaterialUpdate":false,"showSkybox":true,"showFlares":true,"showImageEffects":true,"showParticleSystems":true},"in2DMode":false,"pivot":{"x":4.65504789352417,"y":-1.7517509460449219,"z":3.374959945678711},"rotation":{"x":0.39208728075027468,"y":-0.001379730529151857,"z":0.0005887916777282953,"w":0.9199334383010864},"size":6.0514607429504398,"orthographic":false}