{"cameraMode":{"drawMode":0,"name":"Shaded","section":"Shading Mode"},"sceneLighting":false,"audioPlay":false,"sceneViewState":{"showFog":true,"showMaterialUpdate":false,"showSkybox":false,"showFlares":true,"showImageEffects":true,"showParticleSystems":true},"in2DMode":false,"pivot":{"x":8.380041122436524,"y":5.939594268798828,"z":-5.471983909606934},"rotation":{"x":0.5426191687583923,"y":0.02771061286330223,"z":-0.017909817397594453,"w":0.8393403887748718},"size":1.3329366445541382,"orthographic":false}