{"cameraMode":{"drawMode":0,"name":"Shaded","section":"Shading Mode"},"sceneLighting":false,"audioPlay":false,"sceneViewState":{"showFog":true,"showMaterialUpdate":false,"showSkybox":false,"showFlares":true,"showImageEffects":true,"showParticleSystems":true},"in2DMode":false,"pivot":{"x":5.121999740600586,"y":0.0,"z":3.132000207901001},"rotation":{"x":0.48234331607818606,"y":-0.014451834373176098,"z":0.00796026736497879,"w":0.8758379817008972},"size":5.154956340789795,"orthographic":false}